Input Parameters:
Test Code:
 @Test
    public void html() {
        Attributes a = new Attributes();
        a.put("Tot", "a&p");
        a.put("Hello", "There");
        a.put("data-name", "Jsoup");

        assertEquals(3, a.size());
        assertTrue(a.hasKey("Tot"));
        assertTrue(a.hasKey("Hello"));
        assertTrue(a.hasKey("data-name"));
        assertFalse(a.hasKey("tot"));
        assertTrue(a.hasKeyIgnoreCase("tot"));
        assertEquals("There", a.getIgnoreCase("hEllo"));

        Map<String, String> dataset = a.dataset();
        assertEquals(1, dataset.size());
        assertEquals("Jsoup", dataset.get("name"));
        assertEquals("", a.get("tot"));
        assertEquals("a&p", a.get("Tot"));
        assertEquals("a&p", a.getIgnoreCase("tot"));

        assertEquals(" Tot=\"a&amp;p\" Hello=\"There\" data-name=\"Jsoup\"", a.html());
        assertEquals(a.html(), a.toString());
    }
Context: /org/jsoup/nodes/Attributes
Smell List: ['Assertion_Roulette', 'Sensitive_Equality', 'Eager_Test', 'Magic_Number_Test']
Smell Description List: ['Test Smell Type：Assertion Roulette\n\nFeature:\nA test method contains more than one assertion statement without an explanation/message (parameter in the assertion method).\n', 'Test Smell Type：Sensitive Equality\n\nFeature:\nA test method invokes the toString() method of an object.\n', 'Test Smell Type：Eager Test\n\nFeature:\nA test method contains multiple calls to multiple production methods.\n', 'Test Smell Type：Magic Number Test\n\nFeature:\nAn assertion method that contains a numeric literal as an argument.\n']
Refactoring DSL: ['RefactorRule:\n  SmellType: Assertion Roulette\n  Description: Add descriptive messages to assert statements to improve readability and maintainability.\n  Steps:\n    - Step:\n        Description: "Add descriptive message to each assert statement(except assertThat, assertThrows)."\n        Action: AddMessageToAssert\n        Parameters:\n          MessagePattern: "{assertionMessage}"\n  Example:\n    Before: |\n      @Test\n      public void T() {\n        stmt\n        assert_1\n        ...\n        assert_n\n        stmt\'\n      }\n    After: |\n      @Test\n      public void T() {\n        stmt\n        assert_1(..., "Descriptive message for assert statement")\n        ...\n        assert_n(..., "Descriptive message for assert statement")\n        stmt\'\n      }\n    Variables:\n      assertionMessage: "Descriptive message for assert statement"\n', 'RefactorRule:\n  SmellType: Sensitive Equality\n  Description: "Avoid using the toString() method for comparing objects in assertions."\n  Steps:\n    - Step:\n        Description: "Extract the value returned by toString() into a separate variable for comparison. Ensure toString() does not directly appear in assertions."\n        Action: ReplaceMethodCall\n        Parameters:\n          TargetPattern: |\n            assertEquals({object1}.toString(), {expectedString});\n          ReplacementPattern: |\n            String actualValue = {object1}.toString();\n            assertEquals({expectedString}, actualValue);\n  Example:\n    Before: |\n      @Test\n      public void T() {\n        Object object1 = new Object();\n        assertEquals(object1.toString(), "expectedString");\n      }\n    After: |\n      @Test\n      public void T() {\n        Object object1 = new Object();\n        String actualValue = object1.toString();\n        assertEquals("expectedString", actualValue);\n      }\n', 'RefactorRule:\n  SmellType: Eager Test\n  Description: "Refactor test methods to group related assertions logically and extract reusable setup logic into private methods."\n  Steps:\n    - Step1:\n        Description: "Extract shared setup logic into a reusable, private method and ensure it is used across all relevant tests."\n        Action: ExtractSetupMethod\n        Parameters:\n          Condition: "If multiple tests share the same setup logic."\n          MethodNamePattern: setupTest{OriginalMethodName}\n    - Step2:\n        Description: "Group related assertions into cohesive sub-tests while retaining necessary setup logic."\n        Action: GroupAssertions\n        Parameters:\n          GroupBy: LogicalConcern\n    - Step3:\n        Description: "Create new test methods for each cohesive group of assertions and ensure readability."\n        Action: CreateTestMethods\n        Parameters:\n          IncludeSetup: True\n          NamePattern: test{OriginalMethodName}_{Concern}\n  Example:\n    Before: |\n      @Test\n      public void testExample() {\n          setup();\n          assertEquals(1, methodA());\n          assertTrue(methodB());\n      }\n    After: |\n      private void setupTestExample() {\n          setup();\n      }\n\n      @Test\n      public void testExample_MethodA() {\n          setupTestExample();\n          assertEquals(1, methodA());\n      }\n\n      @Test\n      public void testExample_MethodB() {\n          setupTestExample();\n          assertTrue(methodB());\n      }\n  Variables:\n    OriginalMethodName: The name of the original test method.\n    LogicalConcern: The logical aspect tested (e.g., a specific API, validation, or behavior).\n', 'RefactorRule:\n  SmellType: Magic Number Test\n  Description: "Extract magic numbers and assign meaningful names to improve readability and maintainability."\n  Steps:\n    - Step:\n        Action: IdentifyMagicNumbers\n        Description: "Identify magic numbers in assertions"\n        Parameters:\n          TargetType: Method\n          SourcePattern: |\n            assertEquals({magicNumber}, {variable})\n    - Step:\n        Action: ExtractVariable\n        Description: "Extract magic number to a variable with meaningful name"\n        Parameters:\n          TargetType: Method\n          SourcePattern: |\n            assertEquals({magicNumber}, {variable})\n          ReplacementPattern: |\n            int {meaningfulName} = {magicNumber};\n            assertEquals({meaningfulName}, {variable})\n  Example:\n    Before: |\n      @Test\n      public void T() {\n          stmt\n          assertEquals(1, a)\n          stmt\'\n      }\n    After: |\n      @Test\n      public void T() {\n          int x = 1; // x: meaningful variable name\n          stmt\n          assertEquals(x, a)\n          stmt\'\n      }\n  Variables:\n    magicNumber: "1"\n    variable: "a"\n    meaningfulName: "x"\n']
Checkpoints: ['[ ] All assert statements have been added with clear explanatory messages.\n', '[ ] All instances of the ‘Sensitive Equality’ code smell have been refactored by directly comparing objects instead of using the toString() method for comparisons in tests, to enhance stability and avoid future failures due to changes in the toString() method’s implementation.\n', '[ ] All eager tests have been split into separate tests, each focusing on verifying a single API.\n', '[ ] All magic numbers in the test code have been extracted and assigned meaningful variable names.\n']

Refactored Code: 
 
private Attributes setupAttributes() {
    Attributes a = new Attributes();
    a.put("Tot", "a&p");
    a.put("Hello", "There");
    a.put("data-name", "Jsoup");
    return a;
}

@Test
public void testHtml_Size() {
    Attributes a = setupAttributes();
    int expectedSize = 3;
    assertEquals(expectedSize, a.size(), "The size of attributes should be 3");
}

@Test
public void testHtml_HasKey() {
    Attributes a = setupAttributes();
    assertTrue(a.hasKey("Tot"), "Attribute 'Tot' should exist");
    assertTrue(a.hasKey("Hello"), "Attribute 'Hello' should exist");
    assertTrue(a.hasKey("data-name"), "Attribute 'data-name' should exist");
    assertFalse(a.hasKey("tot"), "Attribute 'tot' should not exist (case-sensitive)");
    assertTrue(a.hasKeyIgnoreCase("tot"), "Attribute 'tot' should exist (case-insensitive)");
    assertEquals("There", a.getIgnoreCase("hEllo"), "Attribute 'hEllo' should return 'There' (case-insensitive)");
}

@Test
public void testHtml_Dataset() {
    Attributes a = setupAttributes();
    Map<String, String> dataset = a.dataset();
    int expectedDatasetSize = 1;
    assertEquals(expectedDatasetSize, dataset.size(), "The size of dataset should be 1");
    assertEquals("Jsoup", dataset.get("name"), "The value of 'name' in dataset should be 'Jsoup'");
    assertEquals("", a.get("tot"), "Attribute 'tot' should return an empty string");
    assertEquals("a&p", a.get("Tot"), "Attribute 'Tot' should return 'a&p'");
    assertEquals("a&p", a.getIgnoreCase("tot"), "Attribute 'tot' should return 'a&p' (case-insensitive)");
}

@Test
public void testHtml_HtmlRepresentation() {
    Attributes a = setupAttributes();
    String expectedHtml = " Tot=\"a&amp;p\" Hello=\"There\" data-name=\"Jsoup\"";
    assertEquals(expectedHtml, a.html(), "HTML representation of attributes should match expected output");
    
    String actualValue = a.toString();
    assertEquals(expectedHtml, actualValue, "String representation of attributes should match HTML representation");
}


