Input Parameters:
Test Code:
 @Test public void escape() {
        String text = "Hello &<> Å å π 新 there ¾ © »";
        String escapedAscii = Entities.escape(text, new OutputSettings().charset("ascii").escapeMode(base));
        String escapedAsciiFull = Entities.escape(text, new OutputSettings().charset("ascii").escapeMode(extended));
        String escapedAsciiXhtml = Entities.escape(text, new OutputSettings().charset("ascii").escapeMode(xhtml));
        String escapedUtfFull = Entities.escape(text, new OutputSettings().charset("UTF-8").escapeMode(extended));
        String escapedUtfMin = Entities.escape(text, new OutputSettings().charset("UTF-8").escapeMode(xhtml));

        assertEquals("Hello &amp;&lt;&gt; &Aring; &aring; &#x3c0; &#x65b0; there &frac34; &copy; &raquo;", escapedAscii);
        assertEquals("Hello &amp;&lt;&gt; &angst; &aring; &pi; &#x65b0; there &frac34; &copy; &raquo;", escapedAsciiFull);
        assertEquals("Hello &amp;&lt;&gt; &#xc5; &#xe5; &#x3c0; &#x65b0; there &#xbe; &#xa9; &#xbb;", escapedAsciiXhtml);
        assertEquals("Hello &amp;&lt;&gt; Å å π 新 there ¾ © »", escapedUtfFull);
        assertEquals("Hello &amp;&lt;&gt; Å å π 新 there ¾ © »", escapedUtfMin);
        // odd that it's defined as aring in base but angst in full

        // round trip
        assertEquals(text, Entities.unescape(escapedAscii));
        assertEquals(text, Entities.unescape(escapedAsciiFull));
        assertEquals(text, Entities.unescape(escapedAsciiXhtml));
        assertEquals(text, Entities.unescape(escapedUtfFull));
        assertEquals(text, Entities.unescape(escapedUtfMin));
    }
Context: /org/jsoup/nodes/Entities
Smell List: ['Assertion_Roulette', 'Eager_Test']
Smell Description List: ['Test Smell Type：Assertion Roulette\n\nFeature:\nA test method contains more than one assertion statement without an explanation/message (parameter in the assertion method).\n', 'Test Smell Type：Eager Test\n\nFeature:\nA test method contains multiple calls to multiple production methods.\n']
Refactoring DSL: ['RefactorRule:\n  SmellType: Assertion Roulette\n  Description: Add descriptive messages to assert statements to improve readability and maintainability.\n  Steps:\n    - Step:\n        Description: "Add descriptive message to each assert statement(except assertThat, assertThrows)."\n        Action: AddMessageToAssert\n        Parameters:\n          MessagePattern: "{assertionMessage}"\n  Example:\n    Before: |\n      @Test\n      public void T() {\n        stmt\n        assert_1\n        ...\n        assert_n\n        stmt\'\n      }\n    After: |\n      @Test\n      public void T() {\n        stmt\n        assert_1(..., "Descriptive message for assert statement")\n        ...\n        assert_n(..., "Descriptive message for assert statement")\n        stmt\'\n      }\n    Variables:\n      assertionMessage: "Descriptive message for assert statement"\n', 'RefactorRule:\n  SmellType: Eager Test\n  Description: "Refactor test methods to group related assertions logically and extract reusable setup logic into private methods."\n  Steps:\n    - Step1:\n        Description: "Extract shared setup logic into a reusable, private method and ensure it is used across all relevant tests."\n        Action: ExtractSetupMethod\n        Parameters:\n          Condition: "If multiple tests share the same setup logic."\n          MethodNamePattern: setupTest{OriginalMethodName}\n    - Step2:\n        Description: "Group related assertions into cohesive sub-tests while retaining necessary setup logic."\n        Action: GroupAssertions\n        Parameters:\n          GroupBy: LogicalConcern\n    - Step3:\n        Description: "Create new test methods for each cohesive group of assertions and ensure readability."\n        Action: CreateTestMethods\n        Parameters:\n          IncludeSetup: True\n          NamePattern: test{OriginalMethodName}_{Concern}\n  Example:\n    Before: |\n      @Test\n      public void testExample() {\n          setup();\n          assertEquals(1, methodA());\n          assertTrue(methodB());\n      }\n    After: |\n      private void setupTestExample() {\n          setup();\n      }\n\n      @Test\n      public void testExample_MethodA() {\n          setupTestExample();\n          assertEquals(1, methodA());\n      }\n\n      @Test\n      public void testExample_MethodB() {\n          setupTestExample();\n          assertTrue(methodB());\n      }\n  Variables:\n    OriginalMethodName: The name of the original test method.\n    LogicalConcern: The logical aspect tested (e.g., a specific API, validation, or behavior).\n']
Checkpoints: ['[ ] All assert statements have been added with clear explanatory messages.\n', '[ ] All eager tests have been split into separate tests, each focusing on verifying a single API.\n']

Refactored Code: 
 
private String text = "Hello &<> Å å π 新 there ¾ © »";

private String setupEntities(String charset, EscapeMode escapeMode) {
    return Entities.escape(text, new OutputSettings().charset(charset).escapeMode(escapeMode));
}

@Test
public void testEscape_AsciiBase() {
    String escapedAscii = setupEntities("ascii", EscapeMode.base);
    assertEquals("Hello &amp;&lt;&gt; &Aring; &aring; &#x3c0; &#x65b0; there &frac34; &copy; &raquo;", escapedAscii, "ASCII Base Escaping");
}

@Test
public void testEscape_AsciiFull() {
    String escapedAsciiFull = setupEntities("ascii", EscapeMode.extended);
    assertEquals("Hello &amp;&lt;&gt; &angst; &aring; &pi; &#x65b0; there &frac34; &copy; &raquo;", escapedAsciiFull, "ASCII Full Escaping");
}

@Test
public void testEscape_AsciiXhtml() {
    String escapedAsciiXhtml = setupEntities("ascii", EscapeMode.xhtml);
    assertEquals("Hello &amp;&lt;&gt; &#xc5; &#xe5; &#x3c0; &#x65b0; there &#xbe; &#xa9; &#xbb;", escapedAsciiXhtml, "ASCII XHTML Escaping");
}

@Test
public void testEscape_Utf8Full() {
    String escapedUtfFull = setupEntities("UTF-8", EscapeMode.extended);
    assertEquals("Hello &amp;&lt;&gt; Å å π 新 there ¾ © »", escapedUtfFull, "UTF-8 Full Escaping");
}

@Test
public void testEscape_Utf8Min() {
    String escapedUtfMin = setupEntities("UTF-8", EscapeMode.xhtml);
    assertEquals("Hello &amp;&lt;&gt; Å å π 新 there ¾ © »", escapedUtfMin, "UTF-8 Min Escaping");
}

@Test
public void testUnescape_AsciiBase() {
    String escapedAscii = setupEntities("ascii", EscapeMode.base);
    assertEquals(text, Entities.unescape(escapedAscii), "Unescaping ASCII Base Escaped Text");
}

@Test
public void testUnescape_AsciiFull() {
    String escapedAsciiFull = setupEntities("ascii", EscapeMode.extended);
    assertEquals(text, Entities.unescape(escapedAsciiFull), "Unescaping ASCII Full Escaped Text");
}

@Test
public void testUnescape_AsciiXhtml() {
    String escapedAsciiXhtml = setupEntities("ascii", EscapeMode.xhtml);
    assertEquals(text, Entities.unescape(escapedAsciiXhtml), "Unescaping ASCII XHTML Escaped Text");
}

@Test
public void testUnescape_Utf8Full() {
    String escapedUtfFull = setupEntities("UTF-8", EscapeMode.extended);
    assertEquals(text, Entities.unescape(escapedUtfFull), "Unescaping UTF-8 Full Escaped Text");
}

@Test
public void testUnescape_Utf8Min() {
    String escapedUtfMin = setupEntities("UTF-8", EscapeMode.xhtml);
    assertEquals(text, Entities.unescape(escapedUtfMin), "Unescaping UTF-8 Min Escaped Text");
}


