Input Parameters:
Test Code:
 @Test
    public void testAccessors() {
        final HelpFormatter formatter = new HelpFormatter();

        formatter.setArgName("argname");
        assertEquals("argname", formatter.getArgName(), "arg name");

        formatter.setDescPadding(3);
        assertEquals(3, formatter.getDescPadding(), "desc padding");

        formatter.setLeftPadding(7);
        assertEquals(7, formatter.getLeftPadding(), "left padding");

        formatter.setLongOptPrefix("~~");
        assertEquals("~~", formatter.getLongOptPrefix(), "long opt prefix");

        formatter.setNewLine("\n");
        assertEquals("\n", formatter.getNewLine(), "new line");

        formatter.setOptPrefix("~");
        assertEquals("~", formatter.getOptPrefix(), "opt prefix");

        formatter.setSyntaxPrefix("-> ");
        assertEquals("-> ", formatter.getSyntaxPrefix(), "syntax prefix");

        formatter.setWidth(80);
        assertEquals(80, formatter.getWidth(), "width");
    }
Context: /org/apache/commons/cli/HelpFormatter
Smell List: ['Eager_Test', 'Magic_Number_Test']
Smell Description List: ['Test Smell Type：Eager Test\n\nFeature:\nA test method contains multiple calls to multiple production methods.\n', 'Test Smell Type：Magic Number Test\n\nFeature:\nAn assertion method that contains a numeric literal as an argument.\n']
Refactoring DSL: ['RefactorRule:\n  SmellType: Eager Test\n  Description: "Refactor test methods to group related assertions logically and extract reusable setup logic into private methods."\n  Steps:\n    - Step1:\n        Description: "Extract shared setup logic into a reusable, private method and ensure it is used across all relevant tests."\n        Action: ExtractSetupMethod\n        Parameters:\n          Condition: "If multiple tests share the same setup logic."\n          MethodNamePattern: setupTest{OriginalMethodName}\n    - Step2:\n        Description: "Group related assertions into cohesive sub-tests while retaining necessary setup logic."\n        Action: GroupAssertions\n        Parameters:\n          GroupBy: LogicalConcern\n    - Step3:\n        Description: "Create new test methods for each cohesive group of assertions and ensure readability."\n        Action: CreateTestMethods\n        Parameters:\n          IncludeSetup: True\n          NamePattern: test{OriginalMethodName}_{Concern}\n  Example:\n    Before: |\n      @Test\n      public void testExample() {\n          setup();\n          assertEquals(1, methodA());\n          assertTrue(methodB());\n      }\n    After: |\n      private void setupTestExample() {\n          setup();\n      }\n\n      @Test\n      public void testExample_MethodA() {\n          setupTestExample();\n          assertEquals(1, methodA());\n      }\n\n      @Test\n      public void testExample_MethodB() {\n          setupTestExample();\n          assertTrue(methodB());\n      }\n  Variables:\n    OriginalMethodName: The name of the original test method.\n    LogicalConcern: The logical aspect tested (e.g., a specific API, validation, or behavior).\n', 'RefactorRule:\n  SmellType: Magic Number Test\n  Description: "Extract magic numbers and assign meaningful names to improve readability and maintainability."\n  Steps:\n    - Step:\n        Action: IdentifyMagicNumbers\n        Description: "Identify magic numbers in assertions"\n        Parameters:\n          TargetType: Method\n          SourcePattern: |\n            assertEquals({magicNumber}, {variable})\n    - Step:\n        Action: ExtractVariable\n        Description: "Extract magic number to a variable with meaningful name"\n        Parameters:\n          TargetType: Method\n          SourcePattern: |\n            assertEquals({magicNumber}, {variable})\n          ReplacementPattern: |\n            int {meaningfulName} = {magicNumber};\n            assertEquals({meaningfulName}, {variable})\n  Example:\n    Before: |\n      @Test\n      public void T() {\n          stmt\n          assertEquals(1, a)\n          stmt\'\n      }\n    After: |\n      @Test\n      public void T() {\n          int x = 1; // x: meaningful variable name\n          stmt\n          assertEquals(x, a)\n          stmt\'\n      }\n  Variables:\n    magicNumber: "1"\n    variable: "a"\n    meaningfulName: "x"\n']
Checkpoints: ['[ ] All eager tests have been split into separate tests, each focusing on verifying a single API.\n', '[ ] All magic numbers in the test code have been extracted and assigned meaningful variable names.\n']

Refactored Code: 
 
private HelpFormatter setupTestAccessors() {
    final HelpFormatter formatter = new HelpFormatter();
    return formatter;
}

@Test
public void testAccessors_ArgName() {
    final HelpFormatter formatter = setupTestAccessors();
    String expectedArgName = "argname";
    formatter.setArgName(expectedArgName);
    assertEquals(expectedArgName, formatter.getArgName(), "arg name");
}

@Test
public void testAccessors_DescPadding() {
    final HelpFormatter formatter = setupTestAccessors();
    int expectedDescPadding = 3;
    formatter.setDescPadding(expectedDescPadding);
    assertEquals(expectedDescPadding, formatter.getDescPadding(), "desc padding");
}

@Test
public void testAccessors_LeftPadding() {
    final HelpFormatter formatter = setupTestAccessors();
    int expectedLeftPadding = 7;
    formatter.setLeftPadding(expectedLeftPadding);
    assertEquals(expectedLeftPadding, formatter.getLeftPadding(), "left padding");
}

@Test
public void testAccessors_LongOptPrefix() {
    final HelpFormatter formatter = setupTestAccessors();
    String expectedLongOptPrefix = "~~";
    formatter.setLongOptPrefix(expectedLongOptPrefix);
    assertEquals(expectedLongOptPrefix, formatter.getLongOptPrefix(), "long opt prefix");
}

@Test
public void testAccessors_NewLine() {
    final HelpFormatter formatter = setupTestAccessors();
    String expectedNewLine = "\n";
    formatter.setNewLine(expectedNewLine);
    assertEquals(expectedNewLine, formatter.getNewLine(), "new line");
}

@Test
public void testAccessors_OptPrefix() {
    final HelpFormatter formatter = setupTestAccessors();
    String expectedOptPrefix = "~";
    formatter.setOptPrefix(expectedOptPrefix);
    assertEquals(expectedOptPrefix, formatter.getOptPrefix(), "opt prefix");
}

@Test
public void testAccessors_SyntaxPrefix() {
    final HelpFormatter formatter = setupTestAccessors();
    String expectedSyntaxPrefix = "-> ";
    formatter.setSyntaxPrefix(expectedSyntaxPrefix);
    assertEquals(expectedSyntaxPrefix, formatter.getSyntaxPrefix(), "syntax prefix");
}

@Test
public void testAccessors_Width() {
    final HelpFormatter formatter = setupTestAccessors();
    int expectedWidth = 80;
    formatter.setWidth(expectedWidth);
    assertEquals(expectedWidth, formatter.getWidth(), "width");
}


